,district,isocode,trust,exports
0,ABOMEY,BEN,3.9375,854.9580688000002
1,ABOMEY-CALAVI,BEN,7.196095173041895,843.1460151249993
2,ADJA-OUERE,BEN,8.0,760.4616393999999
3,ADJARRA,BEN,6.125,854.9580687999998
4,ADJOHOUN,BEN,8.625,854.9580687999998
5,AGBANGNIZOUN,BEN,7.0,854.9580687999998
6,AGUEGUES,BEN,9.089285714285714,854.9580687999998
7,AKPRO-MISSERETE,BEN,9.6875,854.9580688000002
8,ALLADA,BEN,7.9375,854.9580688000002
9,APLAHOUE,BEN,6.229166666666667,854.9580688000002
10,ATHIEME,BEN,5.5,854.9580687999998
11,AVRANKOU,BEN,9.839285714285714,854.9580687999998
12,BANIKOARA,BEN,10.625,20.875427279249998
13,BANTE,BEN,9.216346153846153,618.3700917990001
14,BASSILA,BEN,9.025,253.30800314225
15,BEMBEREKE,BEN,10.6875,21.70849037
16,BOHICON,BEN,9.55,854.9580688000002
17,BONOU,BEN,7.910714285714286,854.9580687999998
18,BOPA,BEN,3.5,854.9580687999998
19,BOUKOUMBE,BEN,13.232954545454545,1.6331848674375005
20,COBLY,BEN,10.0,1.714976192
21,COME,BEN,5.5625,854.9580688000002
22,COPARGO,BEN,11.982142857142858,1.714976192
23,COTONOU,BEN,3.95922911497105,803.9486683376183
24,COVE,BEN,7.625,854.9580687999998
25,DANGBO,BEN,8.875,854.9580687999998
26,DASSA-ZOUME,BEN,7.875,679.7498512437502
27,DJAKOTOMEY,BEN,5.907894736842104,854.9580687999999
28,DJIDJA,BEN,4.625,854.9580688000002
29,DJOUGOU,BEN,10.119698327359616,3.4821821341874992
30,DOGBO,BEN,6.125,854.9580687999998
31,GLAZOUE,BEN,9.704761904761904,678.6799548101251
32,GOGOUNOU,BEN,12.770833333333332,20.458895733875
33,GRAND-POPO,BEN,7.5,854.9580687999998
34,HOUEYOGBE,BEN,7.0,854.9580687999998
35,IFANGNI,BEN,8.0,854.9580687999998
36,KALALE,BEN,10.875,21.70849037
37,KANDI,BEN,11.01923076923077,72.42980837374998
38,KARIMAMA,BEN,10.925,1.286232144
39,KEROU,BEN,11.525,21.70849037
40,KETOU,BEN,8.01086956521739,665.9652100000002
41,KLOUEKANME,BEN,6.169642857142857,854.9580688000002
42,KOUANDE,BEN,10.153846153846153,10.462138644874996
43,KPOMASSE,BEN,8.625,854.9580687999998
44,LALO,BEN,6.3125,854.9580688000002
45,LOKOSSA,BEN,4.375,854.9580688000002
46,MALANVILLE,BEN,11.642857142857142,41.622825625
47,MATERI,BEN,10.625,1.7149761920000004
48,N'DALI,BEN,9.5,21.70849037
49,NATITINGOU,BEN,11.229166666666668,57.54185875224999
50,NIKKI,BEN,11.4375,21.70849037
51,OUAKE,BEN,11.285714285714285,333.52018341149994
52,OUESSE,BEN,8.75,582.933930774
53,OUIDAH,BEN,5.660714285714286,854.9580688000002
54,OUINHI,BEN,6.142857142857142,831.3339614499997
55,PARAKOU,BEN,8.129032258064516,228.95157526606243
56,PERERE,BEN,10.267857142857142,21.70849037
57,POBE,BEN,6.731547619047619,677.7772636750002
58,PORTO-NOVO,BEN,5.924324324324324,828.8592956099995
59,SAKETE,BEN,7.375,665.96521
60,SAVALOU,BEN,6.616071428571429,748.3026822240001
61,SAVE,BEN,7.75,582.933930774
62,SEGBANA,BEN,12.625,21.70849037
63,SEME-KPODJI,BEN,6.318548387096774,854.9580687999998
64,SINENDE,BEN,11.375,21.70849037
65,SO-AVA,BEN,7.75,854.9580687999998
66,TANGUIETA,BEN,11.1875,96.129565045
67,TCHAOUROU,BEN,8.9375,257.05678705062496
68,TOFFO,BEN,6.9375,854.9580688000002
69,TORI-BOSSITO,BEN,6.5,854.9580687999998
70,TOVIKLIN,BEN,4.75,854.9580687999998
71,ZA-KPOTA,BEN,4.375,854.9580687999998
72,ZANGNANADO,BEN,6.5,854.9580687999998
73,ZE,BEN,5.875,854.9580687999998
74,ZOGBODOMEY,BEN,5.9375,854.9580688000002
75,CENTRAL,BWA,7.591694907848873,0.1648792594423074
76,CHOBE,BWA,6.416666666666666,0.0
77,FRANCISTOWN,BWA,7.912845138055222,0.3036865297254903
78,GABORONE,BWA,6.73941701092748,0.07771435102479342
79,GHANZI,BWA,7.179512516469039,0.02304763841666667
80,JWANENG,BWA,6.285714285714285,0.0
81,KGALAGADI,BWA,6.52116935483871,0.0172857288125
82,KGATLENG,BWA,8.258942364824717,0.01005715130909091
83,KWENENG,BWA,6.967424141231996,0.030730184555555564
84,LOBATSE,BWA,5.842105263157895,0.05822561284210528
85,NGAMILAND,BWA,8.490802348336596,0.030309223123287675
86,NORTH EAST,BWA,7.567916438606094,0.4609527683333336
87,SELIBE PHIKWE,BWA,7.990777338603427,0.09619883860869566
88,SOUTH EAST,BWA,8.825482625482625,0.014949819513513513
89,SOUTHERN,BWA,6.869650154132913,0.004727720700854701
90,A.M.A,GHA,6.754202936103711,258.6645180789539
91,ABURA-ASEBU-KWAMAN,GHA,8.795238095238096,388.6097106999998
92,ADANSI EAST,GHA,9.125,388.6097107
93,ADANSI WEST,GHA,9.0625,243.5904714060625
94,AFRAM PLAINS,GHA,11.25,601.0806885000002
95,AGONA,GHA,8.625,340.324041432
96,AHAFO ANO NORTH,GHA,9.375,388.6097107
97,AHAFO ANO SOUTH,GHA,8.875,388.6097107
98,AHANTA WEST,GHA,7.571428571428571,388.6097107
99,AJUMAKO ENYAN ESIAM,GHA,11.25,388.6097107
100,AKATSI,GHA,9.178571428571429,601.0806885000002
101,AKWAPIM NORTH,GHA,9.5625,433.2800942195
102,AKWAPIM SOUTH,GHA,11.160714285714285,574.521816275
103,AMANSIE EAST,GHA,8.6875,388.6097106999998
104,AMANSIE WEST,GHA,10.75,388.6097107
105,AOWIN SUAMAN,GHA,8.8125,267.75026524525003
106,ASANTE AKIM NORTH,GHA,8.579166666666666,364.32160378124985
107,ASANTE AKIM SOUTH,GHA,9.571428571428571,146.30973065150005
108,ASIKUMA ODOBEN BRAKW,GHA,8.125,388.6097107
109,ASSIN,GHA,9.25,388.6097107
110,ASUNAFO SOUTH,GHA,8.5,222.02590585299998
111,ASUOGYAMAN,GHA,9.75,415.168582925
112,ASUTIFI,GHA,11.0,318.597244389
113,ATEBUBU,GHA,11.5,366.88291365699996
114,ATWIMA,GHA,6.535714285714286,292.038372164
115,AWUTU EFUTU SENYA,GHA,8.041666666666666,171.32419899400006
116,BAWKU EAST,GHA,11.383928571428573,2.2702793926875
117,BEREKUM,GHA,9.75,292.038372164
118,BIBIANI ANWIASO BEKW,GHA,7.035714285714286,388.6097107
119,BIRIM NORTH,GHA,10.5,388.6097107
120,BIRIM SOUTH,GHA,6.875,441.72745515
121,BOLE,GHA,11.232142857142858,77.16889804899999
122,BOLGATANGA,GHA,9.108333333333334,29.91616756628571
123,BONGO,GHA,11.160714285714285,2.324356556
124,BOSOMTWE ATWIMA KWAN,GHA,8.875,364.4668760659999
125,BUILSA,GHA,8.875,2.324356556
126,CAPE COAST,GHA,6.25,388.6097107
127,DANGBE EAST,GHA,3.75,0.2905445695
128,DANGBE WEST,GHA,8.553571428571429,0.581089139
129,DORMAA,GHA,8.25,388.6097107
130,EAST AKIM,GHA,8.605357142857143,364.4668760659999
131,EAST MAMPRUSI,GHA,10.892857142857142,222.02590585299998
132,EJURA SEKYEDUMASI,GHA,11.625,388.6097107
133,EJUSU JUABEN,GHA,9.125,388.6097107
134,FANTEAKWA,GHA,9.75,388.6097107
135,GA,GHA,6.75297619047619,421.98087884375
136,GOMOA,GHA,8.946428571428571,340.324041432
137,GUSHEGU KARAGA,GHA,11.75,
138,HO,GHA,7.464285714285714,601.0806885000002
139,HOHOE,GHA,6.392857142857142,547.9629440499998
140,JAMAN,GHA,8.5,388.6097107
141,JASIKAN,GHA,7.5,601.0806885000002
142,JIRAPA-LAMBUSIE,GHA,7.166666666666666,2.216202229375
143,JOMORO,GHA,8.25,243.752702896
144,JUABOSO-BIA,GHA,6.160714285714286,388.6097107
145,K. M. A,GHA,7.753833950290852,388.6097106999997
146,KADJEBI,GHA,6.25,473.11840255699997
147,KASENA NANKANA,GHA,7.607142857142857,2.324356556
148,KETA,GHA,5.5,601.0806885000002
149,KETU,GHA,9.339285714285715,601.0806885000002
150,KINTAMPO,GHA,12.3125,171.17892670925002
151,KOMENDA EDINA EGUAFO,GHA,9.375,388.6097107
152,KPANDO,GHA,5.928571428571429,601.0806885000002
153,KRACHI,GHA,10.179166666666667,149.45212966625
154,KWABRE,GHA,7.25,388.6097107
155,KWAEBIBIREM,GHA,9.25,173.415773605125
156,KWAHU SOUTH,GHA,11.714285714285714,388.6097107
157,LAWRA,GHA,9.535714285714285,2.10804790275
158,MANYA KROBO,GHA,8.2,138.38938169668754
159,MPOHOR WASSA EAST,GHA,7.5,388.6097107
160,NANUMBA,GHA,8.833333333333334,2.324356556000001
161,NEW JUABENG,GHA,6.375,388.6097107
162,NKORANZA,GHA,9.875,291.7478275945
163,NKWANTA,GHA,9.25,152.01343954200001
164,NORTH TONGU,GHA,8.553571428571429,601.0806885000002
165,NZEMA EAST,GHA,7.678571428571429,292.038372164
166,OFFINSO,GHA,5.875,388.6097107
167,SABOBA-CHEREPONI,GHA,11.0,2.324356556
168,SAVELUGU NANTON,GHA,11.232142857142856,2.324356556
169,SEFWI WIAWSO,GHA,9.0,388.6097106999998
170,SEKYERE EAST,GHA,8.25,388.6097106999998
171,SEKYERE WEST,GHA,7.25,278.24246665885715
172,SHAMA AHANTA EAST,GHA,8.42967720685112,307.8925412946666
173,SISALA EAST,GHA,6.25,77.16889804899999
174,SOUTH TONGU,GHA,7.25,601.0806885000002
175,SUHUM KRABOA COALTAR,GHA,10.25,521.4040718250002
176,SUNYANI,GHA,10.5,50.610025824
177,T.M.A,GHA,7.156578947368422,359.7182625153001
178,TAMALE METRO,GHA,8.8125,2.324356556
179,TANO,GHA,9.625,291.7478275945
180,TECHIMAN,GHA,9.4375,340.3240414319999
181,TOLON KUMBUNGU,GHA,11.5,
182,TWIFO HEMANG LOWER D,GHA,7.25,388.6097107
183,UPPER DENKYIRA,GHA,8.625,388.6097107
184,WA MUNICIPAL,GHA,9.035714285714286,50.610025824
185,WASSA AMENFI,GHA,6.7,366.5923690875
186,WASSA WEST,GHA,8.285714285714285,388.6097107
187,WENCHI,GHA,8.875,222.02590585299998
188,WEST AKIM,GHA,9.875,415.168582925
189,WEST GONJA,GHA,12.5,2.216202229375
190,WEST MAMPRUSI,GHA,11.214285714285715,2.324356556
191,ZABZUGU TATALE,GHA,10.25,2.324356556
192,BOMET,KEN,7.8500000000000005,0.0
193,BONDO,KEN,5.975,0.43498712799999983
194,BUNGOMA,KEN,7.424864135390452,0.7894933753421052
195,BURET,KEN,8.216666666666667,0.0638260329375
196,BUTERE MUMIAS,KEN,8.806451612903226,0.7997076576250001
197,GARISSA,KEN,11.05,0.08505629000000002
198,GUCHA,KEN,7.6875,0.165034592125
199,ISIOLO,KEN,11.25,0.06890538612500001
200,KAJIADO,KEN,9.0,0.9860728864375
201,KAKAMEGA,KEN,7.249999999999999,0.7594434275416666
202,KEIYO,KEN,6.947619047619048,0.0
203,KERICHO,KEN,6.807142857142858,0.123402521
204,KIAMBU,KEN,8.5625,0.29587015643750003
205,KILIFI,KEN,7.910714285714286,1.179902555375
206,KIRINYAGA,KEN,8.76268115942029,0.17761974649999998
207,KISII CENTRAL,KEN,7.3125,0.013593347749999998
208,KISUMU,KEN,4.0625,0.43498712799999983
209,KITUI,KEN,8.60870910698497,2.6405534740000003
210,KOIBATEK,KEN,9.071428571428571,0.0910127284375
211,KURIA,KEN,6.695833333333333,0.0
212,KWALE,KEN,7.371376811594203,1.5079553511250003
213,LUGARI,KEN,8.595833333333333,0.9335402515000001
214,MACHAKOS,KEN,8.26388888888889,2.5405810203250008
215,MAKUENI,KEN,8.44361559139785,2.6405534740000003
216,MALINDI,KEN,9.962450592885375,0.1639791312173913
217,MANDERA,KEN,10.153679653679653,0.04725349444444446
218,MARAGUA,KEN,8.008333333333333,0.17399485399999998
219,MERU CENTRAL,KEN,9.40576923076923,0.090479092625
220,MERU NORTH,KEN,8.601867816091954,0.08699742699999999
221,MERU SOUTH,KEN,7.875,0.08699742699999999
222,MIGORI,KEN,4.396739130434782,0.4168626643333331
223,MOMBASA,KEN,7.371428571428572,1.483972949698413
224,MT.ELGON,KEN,10.1875,0.0
225,MURANGA,KEN,8.5625,0.17399485399999998
226,NAIROBI,KEN,6.729562297359889,0.622039659786765
227,NAKURU,KEN,7.6535714285714285,0.24425823765000002
228,NANDI,KEN,7.34065934065934,0.0
229,NYAMIRA,KEN,7.3375,0.0
230,NYANDARUA,KEN,8.75,0.17399485399999998
231,NYANDO,KEN,5.329166666666667,0.4078004324999999
232,NYERI,KEN,8.51086956521739,0.17399485399999998
233,RACHUONYO,KEN,5.0625,0.43498712799999983
234,SAMBURU,KEN,10.357142857142858,0.0
235,SIAYA,KEN,7.008333333333333,0.4607517870624998
236,THIKA,KEN,8.277173913043478,0.5067409061666667
237,TRANS NZOIA,KEN,5.9808488612836435,0.534086463
238,UASIN GISHU,KEN,7.769927536231883,0.127652065875
239,VIHIGA,KEN,7.9375,0.8214570139374999
240,WAJIR,KEN,7.391304347826086,0.08505629000000002
241,WEST POKOT,KEN,8.736607142857142,0.0529513545625
242,Berea,LSO,7.4146026831785345,0.0
243,Butha-Buthe,LSO,6.540250447227192,0.0
244,Leribe,LSO,6.8776369153974874,0.0
245,Mafeteng,LSO,7.554837164750958,0.0
246,Maseru,LSO,6.752679330558912,0.0
247,Mohale's hoek,LSO,7.688846982758621,0.0
248,Mokhotlong,LSO,7.332705479452054,0.0
249,Qacha's nek,LSO,7.593565307328605,0.0
250,Quthing,LSO,9.585858585858587,0.0
251,Thaba- Tseka,LSO,7.460737179487181,0.0
252,AMBALAVAO,MDG,6.6,10.45428181
253,AMBANJA,MDG,7.5,23.606591314437512
254,AMBATO BOENI,MDG,8.833333333333332,29.89789557583333
255,AMBATOFINANDRAHANA,MDG,7.071428571428571,10.45428181
256,AMBATOLAMPY,MDG,9.652380952380952,29.210350039999994
257,AMBATOMAINTY,MDG,8.7,22.108751774999995
258,AMBATONDRAZAKA,MDG,6.433333333333333,13.403033448200002
259,AMBILOBE,MDG,7.799999999999999,51.04696280259999
260,AMBOASARY ATSIMO,MDG,7.842105263157894,8.181239629947369
261,AMBOHIDRATRIMO,MDG,8.681818181818182,26.91300688466666
262,AMBOHIMAHASOA,MDG,5.9375,13.971044603125002
263,AMBOSITRA,MDG,7.444444444444445,14.798570211111109
264,AMBOVOMBE,MDG,7.464285714285715,6.954370974999998
265,AMPANIHY,MDG,10.6875,5.2110629678125
266,AMPARAFARAVOLA,MDG,7.254901960784313,10.816182031333337
267,ANALALAVA,MDG,8.625,43.907234192124996
268,ANDAPA,MDG,10.0,8.881167471249997
269,ANDILAMENA,MDG,8.744444444444444,7.634058189800001
270,ANDRAMASINA,MDG,8.125,29.210350040000005
271,ANJOZOROBE,MDG,8.0,29.210350040000005
272,ANKAZOABO SUD,MDG,10.555555555555557,19.08626005544444
273,ANKAZOBE,MDG,8.821428571428571,29.210350040000005
274,ANTALAHA,MDG,8.766666666666666,17.1108186846875
275,ANTANANARIVO ATSIMON,MDG,9.457815734989648,27.64734435416666
276,ANTANANARIVO AVARADR,MDG,9.625,24.835622670875004
277,ANTANANARIVO RENIVOH,MDG,7.968137688678208,27.195019649029017
278,ANTANIFOTSY,MDG,8.058333333333334,29.210350039999994
279,ANTSIRABE I,MDG,6.8500000000000005,27.037478402449995
280,ANTSIRABE II,MDG,8.4875,29.210350039999994
281,ANTSIRANANAI,MDG,7.904761904761904,30.270123022714287
282,ANTSOHIHY,MDG,8.25,7.834502637499997
283,ARIVONIMAMO,MDG,9.0,28.038095775625
284,ATSIRANANAII,MDG,7.875,31.33848565875
285,BEALANANA,MDG,8.375,24.980078639250003
286,BEKILY,MDG,7.0,6.9543709750000025
287,BELO TSIRIBIHINA,MDG,8.799999999999999,39.84580475957143
288,BETAFO,MDG,8.023809523809524,29.210350039999994
289,BETIOKY SUD,MDG,10.74867724867725,5.9958565915714255
290,BETROKA,MDG,7.583333333333333,23.121814728625
291,FANDRIANA,MDG,6.0,12.050128098235293
292,FARAFANGANA,MDG,8.13888888888889,13.570900283
293,FARATSIHO,MDG,7.251633986928104,29.210350039999994
294,FENOARIVO BE,MDG,9.375,18.95733821625
295,FIANARANTSOA I,MDG,7.366003401360545,13.455252726799998
296,FIANARANTSOA II,MDG,7.803571428571429,12.79879033875
297,IFANADIANA,MDG,8.185347985347985,12.537493633038464
298,IHOSY,MDG,8.596638655462185,16.077214606764706
299,IKALAMAVONY,MDG,5.055555555555556,11.986932661999994
300,MAHAJANGA I,MDG,8.009413067552602,24.897104586441856
301,MAHAJANGAII,MDG,7.75,30.605321049875002
302,MAHANORO,MDG,7.428571428571427,16.21981757114286
303,MAINTIRANO,MDG,7.5,41.355035008125
304,MAMPIKONY,MDG,8.375,20.749807238500004
305,MANAKARA,MDG,7.5130718954248366,5.169573995777776
306,MANANARA AVARATRA,MDG,7.341666666666667,18.82760048
307,MANANDRIANA,MDG,7.5,10.45428181
308,MANANJARY,MDG,8.25,8.234622716875
309,MANDRITSARA,MDG,8.571428571428571,7.460248469999998
310,MANJAKANDRIANA,MDG,7.2444444444444445,29.21035004
311,MAROLAMBO,MDG,7.625,18.82760048
312,MAROVOAY,MDG,7.64,30.169095002959992
313,MIANDRIVAZO,MDG,8.083333333333332,28.51833899833333
314,MIARINARIVO,MDG,8.107142857142858,26.865841511250004
315,MOROMBE,MDG,8.7,30.6681610116
316,MORONDAVA,MDG,8.056246857717445,47.412321515944434
317,NOSY VARIKA,MDG,6.888888888888889,17.0021524438
318,SAKARAHA,MDG,8.844444444444445,5.0486503597
319,SAMBAVA,MDG,8.821428571428571,16.605292457357145
320,SOANIERANA IVONGO,MDG,6.144444444444445,18.82760048
321,SOAVINANDRIANA,MDG,8.99673202614379,28.168346249444443
322,TAOLANARO,MDG,6.6060606060606055,7.872865705727269
323,TOAMASINA I,MDG,6.7878579265537935,20.035994845404254
324,TOAMASINA II,MDG,5.875,18.82760048
325,TOLIARA I,MDG,8.114692218350754,45.67763768047619
326,TOLIARA II,MDG,9.0,35.721630812
327,TSIHOMBE,MDG,11.100000000000001,6.9543709750000025
328,TSIROANOMANDIDY,MDG,8.685897435897434,24.293403206576915
329,VANGAINDRANO,MDG,7.7333333333333325,4.508985518999999
330,VAVATENINA,MDG,7.944444444444445,18.82760048
331,VOHEMAR,MDG,9.25,66.34841919
332,VOHIBINANY BRICKAVIL,MDG,8.647058823529411,17.666823334944446
333,VOHIPENO,MDG,6.0,5.2833096501
334,VONDROZO,MDG,5.666666666666667,8.394988695833332
335,Abeïbara,MLI,11.482142857142858,0.0
336,Adjelhock,MLI,10.125,0.0
337,Anderamboukane,MLI,8.333333333333332,0.0175910125
338,Ansongo,MLI,11.11111111111111,0.035182025
339,Bafoulabé,MLI,9.0,56.050563142250006
340,Bamba,MLI,10.5,0.035182025
341,Banankoro,MLI,10.5,168.09125745775
342,Banco,MLI,11.9375,210.33517939456246
343,Bandiagara,MLI,12.660714285714285,0.004397753125
344,Barambadougou,MLI,10.173160173160172,22.874215739227267
345,Baya,MLI,8.266666666666666,247.4783675715333
346,Baye,MLI,12.4375,14.207858629
347,Beguéné,MLI,10.42857142857143,128.26392487842855
348,Bellen,MLI,10.75,56.255132928
349,Bintagoungou,MLI,10.5,0.035182025
350,Bla,MLI,9.714285714285715,159.97860800714287
351,Boron,MLI,12.452380952380953,162.99687099800002
352,Bougouni,MLI,9.785714285714286,84.2008008225
353,Béma,MLI,7.0,0.9408107296666668
354,Commune I,MLI,11.612903225806452,87.09489762164513
355,Commune II,MLI,10.482738095238096,172.9438603769375
356,Commune III,MLI,9.4,44.81934130000001
357,Commune IV,MLI,10.071969696969697,172.93154269549999
358,Commune V,MLI,11.039525691699604,117.78814400443476
359,Commune VI,MLI,10.654761904761905,84.11201193691667
360,Dabia,MLI,12.5,466.127594
361,Dalla,MLI,12.75,0.035182025
362,Diabaly,MLI,10.333333333333334,74.829418352
363,Diafarabé,MLI,11.9375,0.035182025
364,Diakon,MLI,10.999999999999998,0.994189262
365,Diallassagou,MLI,12.232142857142858,0.147175881875
366,Dialloubé,MLI,14.25,0.030784271875
367,Diamou,MLI,11.0,0.10554607199999998
368,Diankabou,MLI,13.2875,0.0
369,Dily,MLI,12.125,0.035182025
370,Dinangourou,MLI,12.714285714285714,0.0
371,Dioro,MLI,10.571428571428573,96.21943464714286
372,Diédougou,MLI,10.601831501831501,179.17181912499996
373,Diéma,MLI,10.538461538461537,17.380335147999993
374,Djenné,MLI,14.25,87.15521050937502
375,Djidiéni,MLI,9.0,196.08575475775
376,Dogo,MLI,11.333333333333334,159.97358200357144
377,Dondougou Fakala,MLI,13.535714285714288,223.9559784
378,Dourou,MLI,12.875,27.9944973
379,Dôgon,MLI,13.25,28.025281571875
380,Fangasso,MLI,10.25,6.023194312999999
381,Fatoma,MLI,13.0,28.025281571875
382,Finkolo,MLI,10.316666666666666,0.18860936318750002
383,Finkolo-ganadougou,MLI,10.357142857142858,111.99558021250002
384,Fourou,MLI,9.625,27.998895053125
385,Gabéro,MLI,8.0,0.035182025
386,Gao,MLI,9.137254901960784,29.888942740000008
387,Garalo,MLI,9.642857142857142,42.437698134937506
388,Gavinanè,MLI,11.727272727272727,0.11916613518181815
389,Guegnèka,MLI,10.5625,42.4501223125
390,Guidimé,MLI,7.999999999999999,0.8284910516666667
391,Guéniébé,MLI,11.375,0.0
392,Haribongo,MLI,10.535714285714286,0.030784271875
393,Kaniogo,MLI,11.0,435.85614205
394,Kati,MLI,10.73333333333333,106.00166474320001
395,Kayes,MLI,7.0,116.55828501875
396,Kidal,MLI,9.625,0.0
397,Kignan,MLI,10.357142857142856,89.66039798580002
398,Kita,MLI,10.000000000000002,138.22258873740006
399,Kita Ouest,MLI,8.18181818181818,423.7555565477272
400,Kokry Camp,MLI,11.625,28.260635628000003
401,Kolondiéba,MLI,7.571428571428572,139.98567975937502
402,Konio Marka,MLI,14.357142857142858,0.994189262
403,Konobougou,MLI,11.309523809523808,159.97860800714287
404,Koro,MLI,13.517857142857142,0.0
405,Koubaye,MLI,10.5,0.035182025
406,Koulikoro,MLI,10.799999999999999,164.3053543808
407,Kouri,MLI,9.258928571428573,87.14331451825001
408,Koutiala,MLI,10.779166666666667,70.39060374212501
409,Kébila,MLI,9.964102564102564,240.10075277333328
410,Kéléya,MLI,8.125,223.9559784
411,Kéniéba,MLI,8.4,372.909111605
412,Kéréla,MLI,12.5,168.09125745775
413,Lanfiala,MLI,11.625,0.33031989237500003
414,Logo,MLI,10.333333333333332,115.08429278133332
415,Loulouni,MLI,7.5,0.088637511625
416,Macina,MLI,9.0,71.3923832318125
417,Madiakoye,MLI,9.464285714285715,0.02638651875
418,Mafounè,MLI,11.875,6.023194312999999
419,Mahina,MLI,12.0,266.3787291567143
420,Mandiakuy,MLI,11.25,6.023194312999999
421,Massatola,MLI,9.571428571428571,223.9559784
422,Massigui,MLI,10.125,223.9559784
423,Molobala /Koloningué,MLI,9.553571428571429,28.02528157187501
424,Mopti,MLI,12.333333333333332,149.3039856
425,Métoumou,MLI,12.482142857142858,0.0
426,N'dodjiga,MLI,13.410714285714285,223.9559784
427,Nara,MLI,12.25,58.76304388100002
428,Niono,MLI,10.714285714285715,99.73290389457144
429,Nossombougou,MLI,10.428571428571427,327.7438136571429
430,Petaka,MLI,12.82142857142857,0.035182025
431,Pélengana,MLI,10.428571428571427,159.97358200357144
432,Sakoïba,MLI,10.25,196.08575475775
433,San,MLI,11.196428571428571,84.116561064
434,Sanando,MLI,10.428571428571427,159.97860800714287
435,Sanankoro Djitoumou,MLI,11.25,223.9559784
436,Sanankoroba,MLI,11.5,181.96863020312497
437,Sandaré,MLI,10.999999999999998,223.9559784
438,Sibi,MLI,10.019047619047619,433.83804525333323
439,Sikasso,MLI,8.733333333333333,29.934112809133328
440,Soboundou,MLI,10.705882352941178,13.200784983823535
441,Sébougou,MLI,12.285714285714285,159.968556
442,Sébékoro,MLI,9.57142857142857,399.5429637178572
443,Ségou,MLI,10.75,142.262634409375
444,Tafacirga,MLI,9.428571428571427,0.8571882281428572
445,Tamani,MLI,11.25,0.0
446,Tin Essako,MLI,9.375,0.0
447,Togoun,MLI,9.25,140.225431568625
448,Tohma,MLI,12.571428571428573,160.115609041
449,Tombouctou,MLI,9.11111111111111,28.096328071
450,Tonka,MLI,8.25,0.035182025
451,Toubakoro,MLI,12.333333333333332,115.67672157466666
452,Wassoulou-Ballé,MLI,10.321428571428573,28.025281571875
453,ALTO-MOLOCUE,MOZ,10.371794871794872,222.9509125
454,ANCUABE,MOZ,13.875,197.2519982075
455,ANGOCHE,MOZ,10.098319892473118,222.95091250000016
456,ANGONIA,MOZ,10.557142857142857,76.25765405428571
457,BARUE,MOZ,8.375,11.328732937875
458,BEIRA,MOZ,10.102678571428573,38.40649546812499
459,BILENE,MOZ,10.715151515151515,1.0905620573333332
460,BUZI,MOZ,11.375,0.260992289
461,CAHORA BASSA,MOZ,10.776923076923076,21.51988440307692
462,CAIA,MOZ,12.244318181818182,88.80291747999998
463,CHANGARA,MOZ,9.857142857142858,27.56578663428571
464,CHIBABAVA,MOZ,12.160714285714286,0.260992289
465,CHIBUTO,MOZ,9.375,0.0
466,CHIMOIO,MOZ,11.466666666666665,130.83453976033329
467,CHIURE,MOZ,12.125,197.2519982075
468,CHIUTA,MOZ,12.875,78.42992901875
469,CHOKWE,MOZ,9.625,0.0
470,CIDADE DA MAXIXE,MOZ,10.520833333333332,10.2240192875
471,CIDADE DE INHAMBANE,MOZ,7.875,10.256643323625
472,CIDADE DE NAMPULA,MOZ,9.954022988505747,208.13944986553344
473,CIDADE DE PEMBA,MOZ,11.362637362637361,208.2658186185714
474,CIDADE DE QUELIMANE,MOZ,9.016163793103448,21.607592312718754
475,CIDADE DE TETE,MOZ,9.946969696969697,18.652736664166664
476,CIDADE DE XAI-XAI,MOZ,11.785714285714285,2.142175480375
477,CUAMBA,MOZ,11.45,166.80438414420001
478,D. URBANO Nº 1,MOZ,7.428571428571429,4.673837388571427
479,D. URBANO Nº 4,MOZ,7.535282258064516,2.5723168399375003
480,D. URBANO Nº 5,MOZ,6.833333333333333,4.2147536275
481,D.URB Nº2,MOZ,6.321428571428571,4.089607715
482,D.URB.Nº3,MOZ,6.86231884057971,2.1963820454166667
483,DONDO,MOZ,11.616666666666667,65.006096908125
484,GONDOLA,MOZ,12.291666666666666,6.5605235997500015
485,GORONGOSA,MOZ,13.125,77.735176831125
486,GUIJA,MOZ,9.326923076923077,1.02240192875
487,GURO,MOZ,12.0,27.966736170875002
488,GURUE,MOZ,10.84375,196.66886251653136
489,HOMOINE,MOZ,10.75,14.3136270025
490,ILE,MOZ,11.654166666666667,222.9509125
491,ILHA DE MOÇAMBIQUE,MOZ,7.517857142857142,222.9509125
492,INHASSORO,MOZ,12.05,0.032624036125
493,LICHINGA,MOZ,12.215320910973086,185.6481203986956
494,LUGELA,MOZ,12.636363636363637,6.647235949466666
495,MACOMIA,MOZ,13.375,17.35959816
496,MAGUDE,MOZ,8.425,0.0
497,MALEMA,MOZ,11.075,222.9509125
498,MAMUMO,MOZ,13.642857142857142,222.9509125
499,MANDLACAZE,MOZ,10.375,12.268823145
500,MANHIÇA,MOZ,7.867857142857142,0.0
501,MANICA,MOZ,10.553846153846154,59.57176746038461
502,MARRACUENE,MOZ,8.675,2.0448038575
503,MARROMEU,MOZ,9.880952380952381,88.80291748
504,MASSINGA,MOZ,7.678571428571428,0.0
505,MATOLA,MOZ,7.845630627953282,1.3956597792916667
506,MECANHELAS,MOZ,11.629166666666666,177.304907815625
507,MECONTA,MOZ,11.767857142857142,222.9509125
508,MECUBURI,MOZ,11.017803030303032,222.9509125
509,MEMBA,MOZ,9.5,222.9509125
510,MILANGE,MOZ,10.683259176863181,122.49550198709372
511,MOAMBA,MOZ,7.341666666666667,0.0
512,MOATIZE,MOZ,8.775641025641026,28.054965533076924
513,MOCUBA,MOZ,10.442254018724608,172.9298022667501
514,MOCÍMBOA DA PRAIA,MOZ,12.160256410256409,64.80374762307693
515,MOGOVOLAS,MOZ,12.605082417582418,222.9509125
516,MOMA,MOZ,11.955555555555557,222.9509125
517,MONTEPUEZ,MOZ,12.845833333333333,209.01648046875
518,MORRUMBALA,MOZ,9.331818181818182,125.75068896131245
519,MORRUMBENE,MOZ,10.214285714285715,4.673837388571427
520,MUEDA,MOZ,12.00595238095238,103.3867559525
521,MUIDUMBE,MOZ,11.482142857142858,68.757426745
522,MURRUPULA,MOZ,9.507142857142858,195.0820484375
523,MUSSURIZE,MOZ,11.825,0.260992289
524,MUTARARA,MOZ,13.464285714285715,95.3920675547143
525,NACALA PORTO,MOZ,11.28913043478261,213.6937483534584
526,NAMACURRA,MOZ,13.083333333333334,0.778972983
527,NAMAPA,MOZ,10.220238095238095,222.95091250000007
528,NHAMATANDA,MOZ,10.75,77.735176831125
529,NICOADALA,MOZ,10.173076923076923,0.7789729829999997
530,RAPALE,MOZ,12.463274044795785,222.95091250000007
531,SANGA,MOZ,13.75,182.5891266
532,SUSSUNDENGA,MOZ,9.160714285714285,0.260992289
533,VILANCULOS,MOZ,11.286742424242423,6.57258427125
534,XAI-XAI,MOZ,9.525,0.0
535,ZAVALA,MOZ,9.210714285714285,15.33602893125
536,Balaka,MWI,10.786630036630036,133.05021678109998
537,Blantyre,MWI,9.570711673047718,46.60083337337893
538,Chikwawa,MWI,10.493918918918919,68.95040985287497
539,Chiradzulu,MWI,8.347052280311459,43.06031610367741
540,Chitipa,MWI,10.946428571428573,12.17882371
541,Dedza,MWI,11.710283113113302,18.746596791375012
542,Dowa,MWI,11.03442028985507,12.625301079187508
543,Karonga,MWI,11.678571428571429,18.22337234083333
544,Kasungu,MWI,9.164648910411621,24.530144579714264
545,Lilongwe,MWI,10.84650322731161,16.132926792291627
546,Machinga,MWI,10.379807692307692,125.35019750274355
547,Mangochi,MWI,10.036761146589683,131.319646650831
548,Mchinji,MWI,10.78473665973666,8.972561543974997
549,Mulanje,MWI,8.929737753587332,37.37255746942551
550,Mwanza,MWI,10.629399585921323,6.0556362063913065
551,Mzimba,MWI,10.45670690811536,11.252508309486098
552,Nkhata bay,MWI,9.767857142857142,6.142829944708332
553,Nkhatokota,MWI,12.88586956521739,8.393622600583331
554,Nsanje,MWI,12.0722049689441,66.57966184870831
555,Ntcheu,MWI,11.35444947209653,0.5728051569999996
556,Ntchisi,MWI,9.291666666666666,8.580178249437497
557,Phalombe,MWI,10.416666666666666,23.770814776833333
558,Rumphi,MWI,9.179487179487179,11.412254556625
559,Salima,MWI,10.78125,41.10394935912497
560,Thyolo,MWI,10.80897435897436,24.41705050761536
561,Zomba,MWI,10.965109373557285,73.23048909095237
562,Anamulenga,NAM,8.196428571428571,0.38834968200000003
563,Arandis,NAM,7.833333333333333,0.258899788
564,Daures,NAM,6.692307692307692,0.08961915738461539
565,Eengondi,NAM,7.625,0.38834968200000003
566,Eenhana,NAM,9.555555555555554,0.38834968200000003
567,Elim,NAM,8.375,0.38834968200000003
568,Endola,NAM,10.75,0.388349682
569,Engela,NAM,12.15,0.388349682
570,Epembe,NAM,10.75,0.388349682
571,Epupa,NAM,8.857142857142858,0.194174841
572,Etayi,NAM,8.136198945981555,0.388349682
573,Gibeon,NAM,6.333333333333333,0.0
574,Gobabis,NAM,7.5,0.0
575,Grootfontein,NAM,8.0,0.23638676295652175
576,Guinas,NAM,7.5,0.0970874205
577,Hakahana,NAM,7.929292929292929,0.2876664311111109
578,Kabe,NAM,7.166666666666667,0.0
579,Kahenge,NAM,10.479876160990713,0.0
580,Kalahari,NAM,8.035714285714285,0.0
581,Kamanjab,NAM,11.0,0.2912622615
582,Kapako,NAM,11.714285714285715,0.0
583,Karasburg,NAM,7.812834224598931,0.06853229682352943
584,Karibib,NAM,7.871428571428572,0.025889978799999998
585,Katima Mulilo Rural,NAM,9.192307692307692,0.0
586,Katima Mulilo Urban,NAM,9.214285714285714,0.027739263000000004
587,Katutura Central,NAM,5.0,0.0
588,Katutura East,NAM,6.153846153846153,0.02987305246153846
589,Keetmanshoop Urban,NAM,8.863636363636363,0.03530451654545455
590,Khomasdal North,NAM,5.875,0.0970874205
591,Linyanti,NAM,10.846153846153845,0.0
592,Luderitz,NAM,7.081818181818182,0.2471316158181818
593,Mariental Rural,NAM,7.25,0.0970874205
594,Mariental Urban,NAM,9.142857142857144,0.055478526000000014
595,Mashare,NAM,10.14285714285714,0.0
596,Mpungu,NAM,9.0,0.0
597,Mukwe,NAM,11.39090909090909,0.0
598,Ndiyona,NAM,12.2,0.0
599,Ogongo,NAM,7.892857142857142,0.38834968200000003
600,Ohangwena,NAM,11.8,0.388349682
601,Okahandja,NAM,5.428571428571429,0.14563113075
602,Okahao,NAM,7.304166666666667,0.3883496820000001
603,Okaku,NAM,10.0,0.38834968200000003
604,Okalongo,NAM,6.607142857142857,0.33980597175
605,Okankolo,NAM,7.589285714285714,0.38834968200000003
606,Okatana,NAM,7.875,0.3883496820000001
607,Okongo,NAM,11.57142857142857,0.38834968200000003
608,Olukonda,NAM,8.5,0.38834968200000003
609,Omatako,NAM,8.107142857142858,0.0970874205
610,Omuntele,NAM,9.625,0.38834968200000003
611,Omuthiya Gwiipundi,NAM,8.466666666666667,0.3883496820000001
612,Onayena,NAM,10.375,0.38834968200000003
613,Ondangwa,NAM,8.708333333333334,0.3398059717500001
614,Ondobe,NAM,10.3,0.38834968200000003
615,Onesi,NAM,9.125,0.38834968200000003
616,Ongenga,NAM,11.5625,0.3883496820000001
617,Ongwediva,NAM,8.8125,0.3640778268750001
618,Oniipa,NAM,9.0625,0.3883496820000001
619,Onyaanya,NAM,9.5,0.38834968200000003
620,Opuwo,NAM,7.25,0.194174841
621,Oshakati East,NAM,8.733333333333334,5.726864229874997
622,Oshakati West,NAM,8.25,0.3883496820000001
623,Oshikango,NAM,9.0,0.38834968200000003
624,Oshikuku,NAM,7.5,0.38834968200000003
625,Otavi,NAM,7.733333333333333,0.2071198304
626,Otjinene,NAM,7.951515151515151,0.025889978799999998
627,Otjiwarongo,NAM,8.915584415584416,0.1765225827272727
628,Outapi,NAM,9.059029738377564,0.37216844525
629,Outjo,NAM,9.25,0.0970874205
630,Rehoboth East Urban,NAM,6.833333333333333,0.0
631,Rehoboth Rural,NAM,10.238095238095237,0.0
632,Ruacana,NAM,8.333333333333332,0.24271855125000005
633,Rundu Rural,NAM,10.214285714285715,0.027739263000000004
634,Rundu Urban,NAM,10.083333333333334,0.0323624735
635,Sesfontein,NAM,7.607142857142857,0.194174841
636,Soweto,NAM,6.642857142857142,0.22191410400000006
637,Steinhausen,NAM,9.0,0.0
638,Swakopmund,NAM,7.380495356037152,0.1553398728
639,Tsandi,NAM,7.658333333333333,0.3883496820000001
640,Tsumeb,NAM,6.714285714285714,0.166435578
641,Tsumkwe,NAM,7.428571428571429,0.0970874205
642,Uukwiyu,NAM,10.0,0.38834968200000003
643,Walvis Bay Rural,NAM,8.615384615384617,0.2688574721538461
644,Walvis Bay Urban,NAM,7.766666666666667,0.2912622615
645,Wanaheda,NAM,7.6244019138756,0.22947935754545454
646,Windhoek East,NAM,7.2,0.0776699364
647,Windhoek Rural,NAM,6.208333333333333,0.04854371025
648,Windhoek West,NAM,7.668730650154799,0.2657129403157895
649,Aba South,NGA,5.303571428571429,401.1619873
650,Abak,NGA,7.642857142857142,48.80796814000001
651,Abeokuta South,NGA,6.056818181818182,654.9317423875002
652,Abiazu Mbaise,NGA,3.5,401.1619873
653,Abual/Odual,NGA,4.25,26.00675476425
654,Abuja Municipal,NGA,4.786086956521739,267.430958652
655,Ado - Ota,NGA,2.8035714285714284,665.96521
656,Agaie,NGA,6.75,177.30479527000008
657,Agege,NGA,4.589439655172414,412.4938730106875
658,Aguata,NGA,8.660714285714286,401.1619873
659,Ahoda West,NGA,5.25,24.19388407575
660,Aiyekire (Gbonyi),NGA,5.125,665.96521
661,Ajeromi/Ifelodun,NGA,3.875,317.763736498375
662,Akampka,NGA,5.166666666666667,83.875649213
663,Akoko North East,NGA,7.770833333333333,627.3928823837501
664,Akuku Toru,NGA,3.5,27.437011719999994
665,Akure South,NGA,5.516129032258065,635.9607806742579
666,Akwa North,NGA,8.0,401.1619873
667,Alimosho,NGA,4.035714285714286,534.65607514625
668,Alkaleri,NGA,11.0,78.32882082
669,Aniocha North,NGA,3.375,401.1619873
670,Anka,NGA,9.625,130.54803470000002
671,Ankpa,NGA,6.999999999999999,0.0
672,Apa,NGA,4.75,0.0
673,Awka South,NGA,5.0,401.1619873
674,Badagry,NGA,5.0,665.96521
675,Bali,NGA,7.0,0.0
676,Batsari,NGA,13.375,130.54803470000002
677,Bauchi,NGA,10.627450980392156,94.28469172777778
678,Bichi,NGA,4.25,130.54803470000002
679,Birni Gwari,NGA,9.5,198.20152285
680,Bodinga,NGA,8.041666666666666,114.2295303625
681,Bungudu,NGA,12.125,130.54803470000002
682,Calabar Municipal,NGA,5.404761904761904,96.09126281714285
683,Calabar South,NGA,5.583333333333333,136.89647293000002
684,Chanchaga,NGA,6.625,89.26020907375
685,Chikun,NGA,10.428571428571429,93.64711596857143
686,Dala,NGA,5.857142857142857,111.89831545714287
687,Danja,NGA,7.75,130.54803470000002
688,Darazo,NGA,8.678571428571429,32.637008675000004
689,Daura,NGA,8.875,130.54803470000002
690,Dawakin Tofa,NGA,3.875,130.54803470000002
691,Edu,NGA,7.625,58.55186081
692,Egbado North,NGA,5.873015873015873,597.3921831266666
693,Emuoha,NGA,3.875,379.1398611025
694,Emure,NGA,3.625,665.96521
695,Enugu East,NGA,3.307057057057057,401.1619873
696,Enugu North,NGA,5.0,401.1619873
697,Enugu South,NGA,4.625,379.1398611025
698,Ese Odo,NGA,4.857142857142857,574.7468959599997
699,Essien Udiun,NGA,4.785714285714286,48.80796814000001
700,Ethiope East,NGA,4.625,0.345027477
701,Ethiope West,NGA,3.25,3.694237683875
702,Eti-Osa,NGA,6.0,440.96121849499986
703,Etim Ekpo,NGA,6.0,48.80796814000001
704,Etsako Central,NGA,9.0,77.44113556666666
705,Etsako East,NGA,7.142857142857143,12.696965219999996
706,Ezinihitte,NGA,2.75,401.1619873
707,Fagge,NGA,3.875,130.54803470000002
708,Faskari,NGA,12.25,114.2295303625
709,Fufore,NGA,11.333333333333334,21.75800578333333
710,Gabasawa,NGA,5.125,130.54803470000002
711,Gada,NGA,7.2,130.54803470000002
712,Ganjuwa,NGA,10.285714285714286,111.89831545714287
713,Gire,NGA,11.166666666666666,0.105187267
714,Girei,NGA,7.875,0.27440533037500003
715,Gokana,NGA,4.0,48.80796814
716,Guma,NGA,3.75,0.3606420460000001
717,Gummi,NGA,9.2,130.54803470000002
718,Gusau,NGA,7.669642857142858,130.54803470000002
719,Gwadabawa,NGA,6.333333333333332,130.54803470000002
720,Gwarzo,NGA,5.0,130.54803470000002
721,Gwoza,NGA,6.0,130.54803470000002
722,Hong,NGA,11.0,65.27401735000001
723,Ibadan North East,NGA,7.0,665.96521
724,Ibadan South East,NGA,5.875,665.96521
725,Ibadan South West,NGA,7.75,632.8648071624998
726,Ibaji,NGA,6.0,0.0
727,Idanre,NGA,5.375,582.7195587499998
728,Idemilli North,NGA,7.625,401.1619873
729,Ido,NGA,7.076785714285714,665.9652100000002
730,Ife Central,NGA,5.35,632.8648071625
731,Ife East,NGA,6.660714285714286,665.96521
732,Ifo,NGA,4.4,665.9652100000002
733,Igabi,NGA,10.125,130.54803470000002
734,Igbo - Eze South,NGA,8.583333333333334,401.1619873
735,Ijebu - Ode,NGA,5.508333333333333,627.3928823837501
736,Ikeduru,NGA,2.6875,401.1619873
737,Ikole,NGA,6.7142857142857135,665.96521
738,Ikorodu,NGA,3.9761904761904763,628.1361781857142
739,Ikot - Ekpene,NGA,5.0,48.80796814000001
740,Ikwere,NGA,3.375,307.73074340500006
741,Ilorin East,NGA,6.1571428571428575,625.4709867206667
742,Ilorin South,NGA,9.607142857142858,665.96521
743,Ilorin West,NGA,7.109523809523809,621.5675293333334
744,Irepodun,NGA,6.928571428571429,570.8273228571427
745,Isa,NGA,6.750000000000001,130.54803470000002
746,Isi,NGA,5.875,665.96521
747,Isi - Uzo,NGA,3.571428571428571,401.1619873
748,Isoko South,NGA,3.625,0.345027477
749,Jalingo,NGA,7.833333333333334,43.51601156666667
750,Jere,NGA,10.25,34.00903532687501
751,Jibia,NGA,7.0,130.54803470000002
752,Jos North,NGA,8.857142857142858,264.87465125714283
753,Kabba Bunu,NGA,3.125,266.781799325
754,Kachia,NGA,8.200000000000001,293.053618596
755,Kaduna North,NGA,8.17650834403081,191.7642622261464
756,Kano Municipal,NGA,6.133333333333334,148.58896487333337
757,Karim Lamido,NGA,12.0,32.81732969800001
758,Katangora,NGA,6.0,136.02656528
759,Katsina,NGA,10.76470588235294,115.18944238235296
760,Katsina Ala,NGA,9.625,0.31556179025000003
761,Kirfi,NGA,9.166666666666666,65.37920461700001
762,Kogi,NGA,5.428571428571428,152.536902986
763,Kolokuma Opokuma,NGA,6.5,240.27974448
764,Kolokuma/Opokuma,NGA,6.666666666666666,27.43701171999999
765,Konduga,NGA,9.125,2.1952426430000003
766,Kosofe,NGA,4.339920948616601,567.6934600598697
767,Kotokaife Lokoja,NGA,3.875,251.48185530299995
768,Kuban,NGA,10.125,130.54803470000002
769,Lagos Mainland,NGA,4.75,665.96521
770,Langtang North,NGA,9.375,0.0
771,Lawun,NGA,5.25,58.55186081
772,Madagali,NGA,11.0,0.0
773,Magama,NGA,5.714285714285714,140.27228384428574
774,Maiduguri,NGA,10.031666666666666,27.60237193724002
775,Maiduwa,NGA,10.0,130.54803470000002
776,Makurdi,NGA,8.5,166.671623523
777,Malumfashi,NGA,10.75,130.54803470000002
778,Manga,NGA,9.0,130.54803470000002
779,Maru,NGA,11.142857142857144,130.54803470000002
780,Mashi,NGA,11.607142857142858,97.911026025
781,Misau,NGA,9.375,130.54803470000002
782,Monguno,NGA,9.5,17.690530989375006
783,Mopa,NGA,3.75,90.80130520200001
784,Musawa,NGA,12.125,164.374778775
785,Mushin,NGA,4.203804347826087,567.077912585354
786,Namoda,NGA,9.821428571428571,130.54803470000002
787,Nassarawa,NGA,5.447619047619048,122.6912967346667
788,Ndokwa East,NGA,2.25,401.1619873
789,Ndokwa West,NGA,3.375,401.1619873
790,Nembe,NGA,6.25,27.437011719999994
791,Njaba,NGA,4.375,401.1619873
792,Nkanu West,NGA,5.625,401.1619873
793,Nkwerre,NGA,3.5,401.1619873
794,Nnewi North,NGA,6.25,401.1619873
795,Nsit Ibom,NGA,3.625,48.80796814000001
796,Nsukka,NGA,1.75,401.1619873
797,Obafemi/Owode,NGA,6.107142857142858,665.96521
798,Obi,NGA,11.0,586.149185215
799,Obio/Akpor,NGA,2.454545454545455,234.43543260545457
800,Obubra,NGA,6.2,313.181024176
801,Ogba/Egbema/Ndoni,NGA,5.285714285714286,240.99414062285717
802,Ogba/Egbene Ndoni,NGA,2.5,155.57382965000005
803,Ogbaru,NGA,6.464285714285714,401.1619873
804,Ogbia,NGA,8.5625,27.43701171999999
805,Ogun Waterside,NGA,4.819444444444444,665.96521
806,Ojo,NGA,5.55,552.1275294712501
807,Okehi,NGA,5.375,0.6311236020000001
808,Okigwe,NGA,3.125,434.2623901375
809,Okirika,NGA,4.5,27.437011719999994
810,Okiti Pupa,NGA,6.803571428571429,665.96521
811,Okiti Pupa (Ikale),NGA,5.857142857142857,628.1361781857142
812,Olamaboro,NGA,6.5,1.5871206525
813,Ondo West,NGA,6.916666666666667,665.9652100000002
814,Onitsha North,NGA,1.6607142857142856,401.1619873
815,Oredo,NGA,5.7046783625731,93.81081380421055
816,Orihionmwon,NGA,6.2,11.14024194266667
817,Orire,NGA,8.571428571428571,665.96521
818,Orlu,NGA,4.625,401.1619873
819,Oshodi Isolo,NGA,5.285714285714286,441.4881082485714
820,Owerri North,NGA,6.428571428571428,362.50285121428567
821,Owo,NGA,2.6785714285714284,299.96109261274995
822,Oyi,NGA,6.129166666666666,401.1619873
823,Paikoro,NGA,7.666666666666666,75.08099377555557
824,Port - Harcourt,NGA,3.666666666666667,227.29335447263637
825,Rabah,NGA,9.0,130.54803470000002
826,Rijan,NGA,6.142857142857143,188.70008944900002
827,Rimi,NGA,10.875,130.54803470000002
828,Sabon-Gari,NGA,9.69047619047619,130.54803470000002
829,Sagbama,NGA,7.611024844720496,25.065465689999996
830,Saraduna,NGA,10.666666666666666,43.51601156666667
831,Shendam,NGA,9.25,98.18543135537502
832,Shinkafi,NGA,7.625,130.54803470000002
833,Shira,NGA,8.0,114.2295303625
834,Shiroro,NGA,8.8,78.88674847600001
835,Shomolu,NGA,3.571428571428571,577.7998897342858
836,Silame,NGA,5.214285714285714,130.54803470000002
837,Soba,NGA,9.75,130.54803470000002
838,Sokoto North,NGA,7.467032967032966,121.22317507857143
839,Sokoto South,NGA,8.785714285714286,159.46725902857148
840,Southern Ijaw,NGA,7.743589743589742,28.23482836333333
841,Surulere,NGA,3.6103896103896105,516.2938232565218
842,Takum,NGA,7.0,130.54803470000002
843,Tangaza,NGA,7.75,130.54803470000002
844,Toro,NGA,10.214285714285714,112.21192154900001
845,Tsafe,NGA,13.25,197.4751816125
846,Tudun - wada,NGA,6.0,112.21192154900001
847,Ugogo,NGA,6.875,114.2295303625
848,Ukanafun,NGA,5.232142857142857,48.80796814000001
849,Umuahia South,NGA,6.6,401.1619873
850,Umume,NGA,3.25,401.1619873
851,Ushongu,NGA,8.777777777777779,0.3205707075555556
852,Uyo,NGA,4.5,48.80796814000001
853,Warri North,NGA,5.3125,110.8067775215625
854,Wurno,NGA,5.392857142857142,130.54803470000002
855,YTC,NGA,10.428571428571429,2.1952426430000003
856,Yagba East,NGA,4.821428571428571,0.6311236020000001
857,Yenagoa Nothern,NGA,5.0,25.150506259
858,Yenagoa/Northern,NGA,7.670715249662618,36.87301038043589
859,Yola North,NGA,10.285714285714285,176.70933099142852
860,Zaki,NGA,8.90909090909091,95.54272777536366
861,Zaria,NGA,10.375,130.54803470000002
862,Zing,NGA,8.5,332.982605
863,Zurmi-Kaura,NGA,7.607142857142857,130.54803470000002
864,BAKEL,SEN,13.321969696969695,93.73453919366665
865,BAMBEY,SEN,12.886904761904761,76.10165989633335
866,BIGNONA,SEN,12.375,60.86680677564515
867,DAGANA,SEN,11.47272727272727,51.3276556209091
868,DAKAR,SEN,9.801598356957232,77.38385616607869
869,DIOURBEL,SEN,13.177800269905532,75.97611674157503
870,FATICK,SEN,13.233870967741936,15.862797946374998
871,FOUNDIOUGNE,SEN,13.258333333333333,52.14038284287499
872,GOSSAS,SEN,12.875,20.438827247125
873,GUEDIAWAYE,SEN,10.132246376811596,47.638278525916654
874,KAFFRINE,SEN,13.18451048169358,97.83732108558331
875,KANEL,SEN,12.095833333333333,36.50787854375
876,KAOLACK,SEN,12.036032388663967,62.63446958122503
877,KEDOUGOU,SEN,11.678571428571429,53.14649319875001
878,KOLDA,SEN,13.188405797101447,47.63150994166668
879,LINGUERE,SEN,10.5,90.84706115999998
880,LOUGA,SEN,11.3658371040724,83.47824611053514
881,MATAM,SEN,11.979166666666666,43.486807854750005
882,MBACKE,SEN,12.185714285714287,87.20829004746426
883,MBOUR,SEN,11.44486497545008,104.88591794412504
884,NIORO,SEN,13.23270781637717,62.02931456487502
885,PIKINE,SEN,10.138361638361637,83.0026917648378
886,PODOR,SEN,11.035764375876576,38.44856363718751
887,RUFISQUE,SEN,10.996848350018539,61.79029653425002
888,SAINT LOUIS,SEN,8.42246100021036,63.793264378875
889,SEDHIOU,SEN,13.219410706252813,209.7123712369486
890,TAMBACOUNDA,SEN,14.137096774193548,86.79235916112499
891,THIES,SEN,11.776790767830667,57.494237799055576
892,TIVAOUNE,SEN,11.593362313826653,73.51458311300003
893,VELINGARA,SEN,13.208333333333332,47.60129499625
894,ZIGUINCHOR,SEN,12.941666666666666,33.380863749250004
895,Arumeru,TZA,9.399999999999999,1.078768204
896,Arusha Urban,TZA,9.35,0.9047037392
897,Babati,TZA,,3.39289999
898,Bariadi,TZA,11.744736842105263,4.7904510500000015
899,Bukoba Rural,TZA,11.5625,0.0
900,Bukoba Urban,TZA,11.0,1.2560476575714286
901,Bunda,TZA,11.0,3.5928382875
902,Dodoma Rural,TZA,11.875,2.2619333270000004
903,Dodoma Urban,TZA,9.57142857142857,14.019015969714287
904,Geita,TZA,12.5,4.7904510500000015
905,Hai,TZA,10.6,6.6727037643000005
906,Handeni,TZA,11.0,0.347641766
907,Ilala,TZA,9.523809523809524,7.722004930928572
908,Iringa Rural,TZA,7.769230769230768,3.633789635538462
909,Kahama,TZA,12.419354838709676,13.278815730645164
910,Karagwe,TZA,15.0,0.0
911,Karatu,TZA,9.666666666666668,1.9918959843333333
912,Kasulu,TZA,8.0,4.79045105
913,Kati,TZA,14.0,4.79045105
914,Kigoma Urban,TZA,12.333333333333332,39.87569173
915,Kilombero,TZA,10.916666666666664,1.7252463250833332
916,Kinondoni,TZA,9.733893557422968,9.437721199545452
917,Kisarawe,TZA,12.25,15.77986009725
918,Kondoa,TZA,11.0,4.79045105
919,Kongwa,TZA,11.636363636363637,2.4201105293636367
920,Lindi Rural,TZA,7.0,0.347641766
921,Lushoto,TZA,9.0,2.870915413
922,Magharibi,TZA,14.5,8.853619963
923,Magu,TZA,12.008333333333333,4.7904510500000015
924,Manyoni,TZA,12.0,2.96878749125
925,Masasi,TZA,7.0,17.35959816
926,Mbarali,TZA,11.285714285714285,4.0018825530000015
927,Mbeya Rural,TZA,11.625,9.156480294249999
928,Mbeya Urban,TZA,12.25,10.4396925
929,Mbinga,TZA,10.0,3.7500330448000003
930,Mbozi,TZA,10.75,10.4396925
931,Mbulu,TZA,8.0,3.39289999
932,Meatu,TZA,11.445833333333333,4.4910478593750005
933,Misungwi,TZA,11.708333333333334,4.590848922916668
934,Mjini,TZA,13.0,19.4140100475
935,Morogoro Rural,TZA,11.133333333333333,25.57724571
936,Morogoro Urban,TZA,10.142857142857142,18.368886863
937,Moshi Rural,TZA,9.67741935483871,0.17399485399999998
938,Mufindi,TZA,10.4,4.001882553
939,Muheza,TZA,12.999999999999996,5.19084708
940,Muleba,TZA,11.25,0.0
941,Musoma Rural,TZA,15.0,4.79045105
942,Mvomero,TZA,10.1875,18.5793899580625
943,Mwanga,TZA,9.071428571428571,2.870915413
944,Nachingwea,TZA,7.0,17.35959816
945,Ngara,TZA,7.0,0.0
946,Nkasi,TZA,12.384615384615383,2.2619333270000004
947,Nyamagana,TZA,11.777777777777777,10.752745080444443
948,Nzega,TZA,10.90625,40.97210550124999
949,Rufiji,TZA,9.0,10.1152567865
950,Rungwe,TZA,12.763636363636364,10.4396925
951,Sengerema,TZA,10.916083916083917,4.448696489692308
952,Shinyanga Rural,TZA,11.410714285714285,4.7904510500000015
953,Simanjiro,TZA,6.833333333333333,0.6669803298333333
954,Singida Rural,TZA,11.46875,5.081194117499998
955,Songea Urban,TZA,11.75,0.347641766
956,Sumbawanga Rural,TZA,12.066666666666668,2.174912695333333
957,Sumbawanga Urban,TZA,11.25,3.339225629875
958,Tabora,TZA,9.25,36.288764691125
959,Tandahimba,TZA,7.125,17.35959816
960,Tanga Urban,TZA,7.5,11.075024605
961,Tarime,TZA,8.8,2.5403251654
962,Temeke,TZA,8.861904761904762,10.092929436733337
963,Uyui,TZA,11.861538461538462,40.06596768533333
964,Adjumani,UGA,10.26086956521739,0.018912483826086957
965,Apac,UGA,11.48603896103896,0.4186751106999997
966,Arua,UGA,10.087100651227237,0.01973891184033613
967,Bugiri,UGA,8.243243243243244,0.4171081262820511
968,Bushenyi,UGA,9.631651017214397,0.047123610972222216
969,Gulu,UGA,8.38987341772152,0.41541270746249975
970,Hoima,UGA,10.025132275132275,0.15559267996428572
971,Iganga,UGA,8.48611111111111,0.2898621977222224
972,Jinja,UGA,8.25064935064935,0.5344867509285718
973,Kabale,UGA,8.990942028985508,0.18152479329166668
974,Kabarole,UGA,9.375,2.518911923400002
975,Kaberamaido,UGA,8.5,0.0271866955
976,Kampala,UGA,7.137571780677083,2.5490515229352573
977,Kamuli,UGA,8.408514492753621,0.25025769322916663
978,Kamwenge,UGA,11.0625,0.2722871899375
979,Kanungu,UGA,8.5625,0.0
980,Kasese,UGA,10.75,0.42411249875
981,Katakwi,UGA,10.319540229885058,0.0202993999
982,Kayunga,UGA,9.785714285714285,2.2404385441428567
983,Kibaale,UGA,9.566666666666666,0.9083455781666668
984,Kiboga,UGA,8.875,3.3027471822916663
985,Kisoro,UGA,10.329637096774192,0.0
986,Kumi,UGA,10.55,0.010874678199999998
987,Kyenjojo,UGA,9.839285714285715,2.886690752821429
988,Lira,UGA,11.096161366925909,0.4315620325039381
989,Luweero,UGA,9.447368421052634,3.554064373921052
990,Masaka,UGA,9.077876984126984,3.8120206591250048
991,Masindi,UGA,9.534126984126985,0.3604462312222222
992,Mayuge,UGA,9.21875,0.5789959589062499
993,Mbale,UGA,8.892485151978823,0.1493619276835443
994,Mbarara,UGA,8.725074682598954,0.3258563967596153
995,Moyo,UGA,9.797385620915033,0.0
996,Mpigi,UGA,9.875,3.8120206591249985
997,Mubende,UGA,9.499556737588652,3.4489710725416685
998,Mukono,UGA,9.10094246031746,2.685604243328126
999,Nakasongola,UGA,11.2,1.8296354412
1000,Nebbi,UGA,10.135864135864136,0.03903730635897435
1001,Ntungamo,UGA,8.71875,0.0
1002,Palisa,UGA,10.749999999999998,0.1427092626875001
1003,Rakai,UGA,8.304347826086957,2.6518404585217383
1004,Rukungiri,UGA,9.158974358974358,0.0
1005,Sembabule,UGA,8.75,1.9168850088749998
1006,Sironko,UGA,6.875,0.0
1007,Soroti,UGA,8.741935483870968,0.18824359006451616
1008,Tororo,UGA,10.3125,0.41936157512499983
1009,Wakiso,UGA,7.726950354609929,2.837196100270833
1010,Yumbe,UGA,12.000000000000002,0.0
1011,ABAQULUSI,ZAF,10.25,0.0
1012,AGANANG,ZAF,10.5,0.0
1013,AGANANY,ZAF,5.25,0.0
1014,ALFRED-NZO,ZAF,8.0,0.4730082749999999
1015,AMASHANGAAN,ZAF,8.0,0.0
1016,AMATOLE,ZAF,8.63608870967742,0.6306776999999998
1017,BA-PHALABORWA,ZAF,11.666666666666666,0.0
1018,BAKENBERG,ZAF,6.75,0.0
1019,BAKENBURG,ZAF,4.75,0.0
1020,BAKGAGA BA MPHAHLELE,ZAF,4.25,0.0
1021,BELA-BELA,ZAF,9.0,0.0
1022,BLOUBERG,ZAF,6.75,0.0
1023,BO-PHALABORWA,ZAF,9.0,0.0
1024,BRACKENHURST,ZAF,9.0,0.0
1025,BUFFALO CITY,ZAF,9.06060606060606,0.6306776999999998
1026,BUSHBUCKRIDGE,ZAF,7.207602339181287,0.0
1027,BUTTERWORTH,ZAF,7.25,0.6306776999999999
1028,CACADU,ZAF,9.401315789473685,0.597484136842105
1029,CAPE TOWN,ZAF,8.73109243697479,0.6306776999999998
1030,CITY COUNCIL OF KLERKSDORP,ZAF,10.3,0.31533884999999995
1031,CITY OF JOHANNESBURG METRO,ZAF,5.528831677205661,0.046147148780487784
1032,CITY OF TSHWANE METRO,ZAF,6.50625,0.019708678125
1033,COFIMVABA,ZAF,9.5,0.6306776999999998
1034,CRADDOCK,ZAF,9.666666666666668,0.6306776999999999
1035,DANIELSKUIL,ZAF,9.0,0.6306776999999999
1036,DIHLABENG,ZAF,8.200000000000001,0.0
1037,DOUGLAS,ZAF,9.0,0.6306776999999999
1038,DUMBE,ZAF,3.0833333333333335,0.0
1039,EAST LONDON,ZAF,8.956521739130435,0.6306776999999998
1040,EDENDALE,ZAF,6.5,0.0
1041,EKURHULENI,ZAF,7.428571428571429,0.18019362857142854
1042,EKURHULENI METRO,ZAF,6.518264840182649,0.06047594383561643
1043,ELUNDINI,ZAF,11.375,0.6306776999999998
1044,EMALAHLENI,ZAF,8.875,0.6306776999999998
1045,EMFULENI,ZAF,6.066666666666667,0.04204518
1046,ENDONDAKUSUKA,ZAF,5.75,0.0
1047,ENGCOBO,ZAF,8.25,0.6306776999999999
1048,ENHLAZENI,ZAF,8.243657505285414,0.0
1049,ENKANGALA,ZAF,9.071939630660562,0.0
1050,ETHEKWINI,ZAF,8.234876929495202,0.0
1051,FAIRLEIGH,ZAF,7.5,0.0
1052,FLORA PARK,ZAF,3.666666666666667,0.0
1053,FRANSCHOEK,ZAF,6.5,0.6306776999999999
1054,GA SELEPE,ZAF,4.5,0.0
1055,GA-SEGONYANA,ZAF,5.0,0.6306776999999999
1056,GERT SIBANDE,ZAF,7.386842105263158,0.0
1057,GOVAN MBEKI,ZAF,9.501190476190477,0.0
1058,GREATER GIYANI,ZAF,8.732142857142858,0.0
1059,GREATER GROBLERSDAL,ZAF,7.5,0.0
1060,GREATER KOKSTAD,ZAF,8.5,0.6306776999999999
1061,GREATER LETABA,ZAF,6.25,0.0
1062,GREATER TAUNG,ZAF,12.0,0.0
1063,GREATER TUBATSE,ZAF,8.098484848484848,0.10511294999999997
1064,GREATER TZANEEN,ZAF,4.25,0.0
1065,GUGULETU,ZAF,7.0,0.6306776999999999
1066,GUSI NGUBEZULU,ZAF,10.5,0.6306776999999999
1067,HIBISCUS,ZAF,9.666666666666666,0.28030120000000003
1068,HILLSIDE,ZAF,11.5,0.6306776999999999
1069,HLABISA,ZAF,5.75,0.0
1070,HLANGENI,ZAF,7.5,0.0
1071,HLUBI,ZAF,7.0,0.0
1072,HLUHLUWE,ZAF,4.5,0.0
1073,INTSIKA YETHU,ZAF,9.75,0.6306776999999999
1074,JAGERSFONTEIN,ZAF,8.25,0.0
1075,KAMPHAMBO,ZAF,6.5,0.0
1076,KHAYALITSHA,ZAF,5.25,0.6306776999999999
1077,KHAYELITSHA,ZAF,7.0,0.6306776999999999
1078,KING SABATA DALINDYEBO,ZAF,6.75,0.6306776999999999
1079,KING WILLIAMS TOWN,ZAF,5.8,0.6306776999999999
1080,KINGWILLIAMSTOWN,ZAF,4.25,0.6306776999999998
1081,KNYSNA,ZAF,8.0,0.6306776999999999
1082,KOKOSI,ZAF,6.0,0.0
1083,KOUE BOKKEVELD,ZAF,,0.6306776999999999
1084,KRAAIFONTEIN,ZAF,8.416666666666666,0.6306776999999999
1085,KULTWANANG,ZAF,8.0,0.0
1086,KUNGWINI,ZAF,7.5,0.0
1087,KWADUKUZA,ZAF,12.0,0.0
1088,LADYSMITH,ZAF,6.178571428571429,0.0
1089,LEKWA,ZAF,7.552777777777778,0.0
1090,LEPELE-NKUMPI,ZAF,4.5,0.0
1091,LETSEMENG,ZAF,9.5,0.31533884999999995
1092,MADIBENG,ZAF,7.5,0.0
1093,MAFIKENG,ZAF,9.25,0.6306776999999999
1094,MAKHADO,ZAF,8.0,0.0
1095,MALUTI A PHOFUNG,ZAF,10.916666666666664,0.0
1096,MANDOSI,ZAF,6.25,0.0
1097,MANGAUNG,ZAF,7.666666666666667,0.11679216666666666
1098,MANTSAPA,ZAF,3.75,0.15766942499999995
1099,MAOKENG,ZAF,7.583333333333333,0.0
1100,MAPHUMULO,ZAF,5.75,0.0
1101,MARULENG,ZAF,7.25,0.0
1102,MASILANYANA,ZAF,10.0,0.0
1103,MATJHABENG,ZAF,10.5,0.0
1104,MBIZANA,ZAF,8.25,0.6306776999999998
1105,MBOMBELA,ZAF,7.75,0.0
1106,MBONAMBI,ZAF,7.0,0.0
1107,MERAFONG,ZAF,14.0,0.31533884999999995
1108,METSIMAHOLO,ZAF,10.2,0.12613554
1109,MHLATHUZE,ZAF,5.916666666666666,0.0
1110,MHLONTLO,ZAF,8.875,0.6306776999999998
1111,MITCHELLS PLAIN,ZAF,6.833333333333333,0.6306776999999998
1112,MODDER EAST,ZAF,1.0,0.0
1113,MODJADJI,ZAF,5.964285714285714,0.0
1114,MODJAJI,ZAF,5.5,0.0
1115,MOGALAKWENA,ZAF,6.819444444444445,0.07007530000000001
1116,MOGALE CITY,ZAF,10.5,0.31533884999999995
1117,MOGAMBANENG,ZAF,0.75,0.0
1118,MOHLAREKOMA,ZAF,5.416666666666667,0.0
1119,MOHOKANE,ZAF,8.416666666666666,0.15766942499999995
1120,MOLETSI,ZAF,4.333333333333333,0.0
1121,MOLOPO,ZAF,6.0,0.6306776999999999
1122,MONYAKENG,ZAF,10.5,0.0
1123,MOOKGOPONG,ZAF,4.833333333333333,0.0
1124,MOPANI,ZAF,8.571428571428571,0.0
1125,MOQHAKA,ZAF,13.25,0.0
1126,MORETELE,ZAF,7.5,0.31533884999999995
1127,MOSSEL BAY,ZAF,7.0,0.6306776999999999
1128,MPHATLALATSANE,ZAF,11.25,0.0
1129,MSINGA,ZAF,10.666666666666666,0.0
1130,MSUNDUZI,ZAF,6.4,0.0
1131,MTHONJANENI,ZAF,5.0,0.0
1132,MULANGAPHUMA,ZAF,11.75,0.0
1133,NALA KHOTSONG,ZAF,12.0,0.15766942499999995
1134,NALEDI,ZAF,4.0,0.0
1135,NAMAHADI,ZAF,8.75,0.0
1136,NDAKA,ZAF,6.75,0.0
1137,NDWEDWE,ZAF,10.5,0.0
1138,NELSON MANDELA,ZAF,8.476190476190476,0.5405808857142855
1139,NEWCASTLE,ZAF,6.009090909090908,0.0
1140,NGWATHE,ZAF,11.333333333333334,0.10511294999999997
1141,NIBELA,ZAF,6.0,0.0
1142,NKANDLA,ZAF,7.333333333333333,0.0
1143,NKANGALA,ZAF,9.416666666666666,0.0
1144,NKETOANA,ZAF,11.0,0.0
1145,NKONKOBE,ZAF,10.0,0.6306776999999999
1146,NONGOMA,ZAF,6.5,0.0
1147,NQUTHU,ZAF,6.499999999999999,0.0
1148,NTABANKULU,ZAF,9.375,0.6306776999999998
1149,NTAMBANANA,ZAF,7.25,0.0
1150,NTSHWANATSATSI,ZAF,8.5,0.0
1151,NWAJAHENI,ZAF,7.0,0.0
1152,NZUZA,ZAF,6.0,0.0
1153,O R TAMBO,ZAF,7.9409581646423755,0.6140809184210524
1154,OKHAHLAMBA,ZAF,7.5,0.0
1155,OUDSHOORN,ZAF,5.0,0.6306776999999999
1156,PHAHAMENG,ZAF,6.0,0.0
1157,PHOKWANE,ZAF,7.0,0.6306776999999999
1158,PHOMOLONG,ZAF,10.916666666666666,0.0
1159,PHUMELELA,ZAF,11.25,0.0
1160,PIETERMARITZBURG,ZAF,7.75,0.0
1161,POLOKWANE,ZAF,7.6439393939393945,0.0
1162,PONGOLA,ZAF,5.5,0.0
1163,PORT ELIZABETH,ZAF,10.187192118226601,0.6064208653846151
1164,PORT ST JOHNS,ZAF,9.25,0.6306776999999999
1165,POTCHEFSTROOM,ZAF,15.0,0.0
1166,POTGIETERUS,ZAF,2.75,0.0
1167,QAUKENI,ZAF,8.916666666666666,0.6306776999999998
1168,QUEENSTOWN,ZAF,6.666666666666666,0.6306776999999998
1169,RAMAKGOPA,ZAF,8.25,0.0
1170,RANDFONTEIN,ZAF,13.0,0.0
1171,RICHMOND,ZAF,7.5,0.0
1172,RUSTENBURG,ZAF,10.144444444444442,0.18920331
1173,SALDANHA,ZAF,,
1174,SEDIBENG,ZAF,6.571428571428571,0.07883471249999999
1175,SEME,ZAF,7.25,0.0
1176,SENQU,ZAF,10.25,0.3678953249999999
1177,SESHEGO,ZAF,3.75,0.0
1178,SETSOTO,ZAF,7.7142857142857135,0.0
1179,SIYANCUMA,ZAF,12.5,0.3784066199999999
1180,SMN,ZAF,6.666666666666667,0.0
1181,SOWETO,ZAF,6.767857142857142,0.07883471249999999
1182,STANGER,ZAF,7.0,0.0
1183,STERKSTROOM,ZAF,9.083333333333334,0.6306776999999999
1184,TEMBE,ZAF,4.333333333333333,0.0
1185,THABAZIMBI,ZAF,9.333333333333332,0.0
1186,THEKWINI,ZAF,8.055555555555555,0.02473245882352941
1187,THEMBISILE,ZAF,7.5,0.0
1188,THENGWE,ZAF,6.5,0.0
1189,TSWAING,ZAF,6.0,0.6306776999999999
1190,TZANEEN,ZAF,6.909090909090908,0.0
1191,UBOMBO,ZAF,7.0,0.0
1192,UGU,ZAF,5.0,0.0
1193,UGU DISTRICT,ZAF,7.75,0.0
1194,ULUNDI,ZAF,4.625,0.0
1195,UMSHWATHI,ZAF,5.833333333333333,0.0
1196,UMUZIWABANTU,ZAF,9.25,0.0
1197,UMVOTI,ZAF,6.666666666666666,0.0
1198,UMZIMKULU,ZAF,11.0,0.31533884999999995
1199,UMZIMVUBU,ZAF,9.736842105263158,0.4099405049999999
1200,UMZUMBE,ZAF,8.125,0.0
1201,VHEMBE,ZAF,7.5593837535014,0.0
1202,VULAMEHLO,ZAF,9.5,0.0
1203,WEILLERS FARM,ZAF,7.25,0.0
1204,WEST COAST,ZAF,,0.6306776999999999
1205,WESTONARIA,ZAF,5.166666666666667,0.0
1206,WINDERMERE,ZAF,7.5,0.0
1207,WYNBERG,ZAF,,
1208,ZEBEDELIA,ZAF,8.083333333333332,0.0
1209,ZEERUST,ZAF,9.0,0.0
1210,Chama,ZMB,10.838768115942027,8.53695924425
1211,Chilubi,ZMB,7.5,2.10775192425
1212,Chimbombo,ZMB,6.454787234042553,4.878893245416669
1213,Chingola,ZMB,6.166666666666667,2.609635001333334
1214,Chinsali,ZMB,7.369047619047619,2.4851006178260877
1215,Chipata,ZMB,8.558172016662583,5.378853366160714
1216,Choma,ZMB,7.53125,0.4105191553124997
1217,Chongwe,ZMB,7.385869565217391,1.3763232108749996
1218,Gwembe,ZMB,4.5,0.19574423850000003
1219,Isoka,ZMB,7.446428571428571,3.5281850263750005
1220,Itezhi - Tezhi,ZMB,6.5,0.21888324987500002
1221,Kabompo,ZMB,11.928571428571429,0.9636505133750001
1222,Kafue,ZMB,6.742753623188405,5.350878806708334
1223,Kalabo,ZMB,9.567028985507246,0.11470600966666665
1224,Kalomo,ZMB,7.416666666666667,0.26099231799999983
1225,Kaoma,ZMB,9.208333333333334,0.28676502416666666
1226,Kapiri Mposhi,ZMB,6.758928571428571,2.159383424375
1227,Kasama,ZMB,8.25,3.4661393109375007
1228,Kasempa,ZMB,7.75,1.7838637272500002
1229,Katete,ZMB,9.561594202898549,7.2669809207499965
1230,Kawambwa,ZMB,8.337719298245615,2.4823919804166668
1231,Kazungula,ZMB,6.5,0.21205625837499997
1232,Kitwe,ZMB,7.058333333333333,2.582506927637501
1233,Livingstone,ZMB,6.785714285714286,0.8590561652500001
1234,Luanshya,ZMB,7.214285714285714,0.8815708876249999
1235,Lufwanyama,ZMB,8.478260869565219,2.3840873549166672
1236,Lukulu,ZMB,10.75,0.688236058
1237,Lusaka,ZMB,7.259492235797488,3.3129102220234308
1238,Mambwe,ZMB,9.75,4.673166805749999
1239,Mansa,ZMB,8.46590909090909,2.9195280994583337
1240,Mazabuka,ZMB,5.5625,0.260992318
1241,Mbala,ZMB,6.90625,3.3361462720000024
1242,Milenge,ZMB,8.303571428571429,3.817689239
1243,Mongu,ZMB,7.375,0.0
1244,Monze,ZMB,6.1875,0.244680298125
1245,Mpika,ZMB,6.90476437976438,2.537746226600002
1246,Mpongwe,ZMB,8.9375,2.2986569680625
1247,Mporokoso,ZMB,7.232142857142857,3.682139187625
1248,Mpulungu,ZMB,8.875,3.2285207055000003
1249,Mufulira,ZMB,6.279166666666667,3.0141972597499995
1250,Mufumbwe,ZMB,7.75,3.8167480972499983
1251,Mumbwa,ZMB,7.321428571428571,2.3612523238666667
1252,Mungwi,ZMB,5.583333333333333,2.132783300875
1253,Mwense,ZMB,7.625000000000001,2.8126643451250004
1254,Namwala,ZMB,7.625,0.03262403975
1255,Nchelenge,ZMB,8.125,3.016076832625
1256,Ndola,ZMB,9.964285714285714,5.12850791075
1257,Nyimba,ZMB,10.75,3.4777536475
1258,Petauke,ZMB,10.298684210526314,2.4344816100749997
1259,Samfya,ZMB,8.625,2.294557322375
1260,Senanga,ZMB,8.04375,0.08602950725
1261,Serenje,ZMB,6.6375,8.370261059875
1262,Sinazongwe,ZMB,6.5,0.260992318
1263,Solwezi,ZMB,7.6607142857142865,1.991546679475
1264,Zambezi,ZMB,9.875,1.5666703359374994
1265,BIKITA,ZWE,,0.0
1266,BUBI,ZWE,,0.0
1267,BULAWAYO,ZWE,,0.01813584662295082
1268,BULILIMAMANGWE NORTH,ZWE,,0.3064598541454547
1269,CENTENARY,ZWE,,0.0
1270,CHIMANIMANI,ZWE,,0.0
1271,CHITUNGWIZA,ZWE,,0.0
1272,GOKWE NORTH,ZWE,,0.0782976954
1273,GOKWE SOUTH,ZWE,,0.0
1274,GOROMONZI,ZWE,,0.0
1275,GUTU,ZWE,,0.0
1276,HARARE,ZWE,,0.0
1277,HARARE RURAL,ZWE,,0.0
1278,HURUNGWE,ZWE,,0.0
1279,HWANGE,ZWE,,0.0
1280,KADOMA RURAL,ZWE,,0.0
1281,KADOMA URBAN,ZWE,,0.0
1282,KWEKWE RURAL,ZWE,,0.0
1283,KWEKWE URBAN,ZWE,,0.0
1284,MAKONDE,ZWE,,0.0
1285,MAKONI,ZWE,,0.0
1286,MASVINGO RURAL,ZWE,,0.0
1287,MASVINGO URBAN,ZWE,,0.0
1288,MAZOWE,ZWE,,0.0
1289,MUDZI,ZWE,,0.0
1290,MUTARE RURAL,ZWE,,0.0
1291,MUTARE URBAN,ZWE,,0.0
1292,NKAYI,ZWE,,0.0
